Nt,Nfft,sinr_lin,report_db_ref
2,16,10.2913742140;10.1762310280;7.1999642625;18.4975786990;11.2778371659;13.1626597823;11.1835630004;13.1415398026;1.8717091770;3.6420228686;11.9963474148;8.3453386019;1.4334550489;9.3394310866;5.2812085865;4.1492347420;7.8209003006;6.0632896782;1.7803083154;8.4103207297;4.7615038330;10.5348356855;9.6867349013;14.8999919593;4.5369877014;6.7314013863;7.8067852017;8.7066328983;17.7871355295;2.6714004295;2.9270107311;3.1051954215,6.4019417198;6.5357133993;6.6602201937;8.2792122491;8.4940373801;8.6440703297;9.0210459713;9.1306940934;9.1958603535;6.3834088082;6.4750778314;6.5599858903;7.6688768617;7.8292966301;7.9461899505;8.2641125560;8.3648307240;8.4267973315
